0,average hotel toiletries
0,baby toiletries
0,bath toiletries
0,beautiful toiletries
0,brown toiletries
0,excellent toiletries
0,excellent toiletries
1,18 room motel
1,accounting room
1,bad room
1,big room
1,big room
1,big room
1,cold room
1,common room
1,different room
1,different room
1,different room
1,drawing room
1,dressing room
1,enough room
1,enough room
1,facing room
1,facing room
1,Fenway room
2,awful food
2,buying food
2,decent food
2,delicious food
2,dog food
2,drab food
2,fast food
2,food blog
2,food court
2,food market
2,food places
2,food poisoning
2,food poisoning
2,foods everyone
2,good food
2,Good food
2,good food
2,good food
2,good pasta
2,good pasta
2,Good pizza
3,10 reviews Reviews
3,10 reviews Reviews
3,10 reviews Reviews
3,10 reviews Reviews
3,10 reviews Reviews
3,10 reviews Reviews
3,10 reviews Reviews
3,11 reviews Reviews
3,11 reviews Reviews
3,11 reviews Reviews
3,11 reviews Reviews
3,11 reviews Reviews
3,11 reviews Reviews
3,11 reviews Reviews
3,11 reviews Reviews
3,11 reviews Reviews
3,6 reviews Reviews
3,6 reviews Reviews
3,6 reviews Reviews
3,6 reviews Reviews
3,6 reviews Reviews
3,6 reviews Reviews
3,6 reviews Reviews
3,6 reviews Reviews
3,6 reviews Reviews
3,6 reviews Reviews
3,6 reviews Reviews
3,6 reviews Reviews
3,6 reviews Reviews
3,6 reviews Reviews
3,6 reviews Reviews
3,6 reviews Reviews
3,6 reviews Reviews
3,6 reviews Reviews
3,6 reviews Reviews
3,6 reviews Reviews
3,6 reviews Reviews
3,7 reviews Reviews
3,7 reviews Reviews
3,7 reviews Reviews
3,8 reviews Reviews
3,8 reviews Reviews
3,8 reviews Reviews
3,8 reviews Reviews
3,8 reviews Reviews
3,8 reviews Reviews
3,8 reviews Reviews
3,8 reviews Reviews
3,8 reviews Reviews
3,9 reviews Reviews
3,9 reviews Reviews
3,9 reviews Reviews
3,9 reviews Reviews
3,9 reviews Reviews
3,9 reviews Reviews
3,9 reviews Reviews
3,9 reviews Reviews
3,9 reviews Reviews
3,9 reviews Reviews
3,9 reviews Reviews
3,9 reviews Reviews
3,9 reviews Reviews
3,9 reviews Reviews
3,Business reviews
4,Amazing Location
4,amazing location
4,beautiful location
4,Beautiful location
4,Fabulous location
4,fabulous location
4,Fantastic location
4,fun location
5,bought fruit
5,cut fruit
5,cut fruits
5,dried fruits
5,fresh bagels
5,fresh breads
5,fresh cheeses
5,fresh coat
5,Fresh flowers
5,fresh fruit
5,fresh fruit
5,Fresh fruit
5,fresh fruit
5,fresh fruit
5,fresh fruit
5,fresh fruit
5,fresh fruit
5,fresh fruit
5,fresh fruit
5,fresh fruit
5,fresh fruit
5,fresh fruit juices
5,fresh fruit salad
5,fresh fruits
5,fresh fruits
5,fresh items
5,fresh offering
6,auction site
6,excellent feedback
6,excellent layout
6,excellent reference library
6,excellent referral
6,excellent show
6,excellent viewing range
6,excellent visit
6,excellent website
6,good feedback
7,complementary breakfast
7,Complimentary breakfast
7,complimentary breakfast
7,complimentary breakfast
7,complimentary breakfast
7,complimentary breakfast
7,complimentary breakfast items
7,complimentary buffet
7,complimentary guest laundry
7,complimentary robes
8,12 cities Reviews
8,12 cities Reviews
8,12 cities Reviews
8,12 cities Reviews
8,12 cities Reviews
8,12 cities Reviews
8,12 cities Reviews
8,12 cities Reviews
8,12 cities Reviews
8,13 cities Reviews
8,13 cities Reviews
8,13 cities Reviews
8,13 cities Reviews
8,13 cities Reviews
8,13 cities Reviews
8,13 cities Reviews
8,15 cities Reviews
8,15 cities Reviews
8,15 cities Reviews
8,15 cities Reviews
8,15 cities Reviews
8,15 cities Reviews
8,15 cities Reviews
8,15 cities Reviews
8,15 cities Reviews
8,16 cities Reviews
8,16 cities Reviews
8,16 cities Reviews
8,16 cities Reviews
8,17 cities Reviews
8,17 cities Reviews
8,17 cities Reviews
8,17 cities Reviews
8,17 cities Reviews
8,18 cities Reviews
8,18 cities Reviews
8,18 cities Reviews
8,18 cities Reviews
8,18 cities Reviews
8,19 cities Reviews
8,20 cities Reviews
8,20 cities Reviews
8,20 cities Reviews
8,20 traveler photos
8,21 cities Reviews
8,21 cities Reviews
8,21 cities Reviews
8,21 cities Reviews
8,21 cities Reviews
8,23 cities Reviews
8,23 cities Reviews
8,23 cities Reviews
8,24 cities Reviews
8,24 cities Reviews
8,24 cities Reviews
8,24 cities Reviews
8,26 cities Reviews
8,26 cities Reviews
8,27 cities Reviews
8,27 cities Reviews
8,27 cities Reviews
8,27 cities Reviews
8,28 cities Reviews
8,28 cities Reviews
8,28 cities Reviews
8,29 cities Reviews
8,29 cities Reviews
8,29 cities Reviews
8,30 cities Reviews
8,30 cities Reviews
8,31 cities Reviews
8,34 cities Reviews
8,36 cities Reviews
8,39 cities Reviews
8,39 cities Reviews
8,41 cities Reviews
8,46 cities Reviews
8,51 cities Reviews
8,80 cities Reviews
9,2nd day
9,2nd day
9,2nd night
9,2nd night
9,2nd part
9,2nd stay
9,2nd time
9,3rd party
9,3rd try
9,3rd week
9,4th time
9,4th trip
9,fifth stay
9,fourth day
10,cab service
10,delivery person
10,delivery person
10,drink service
10,easy self service
10,elevator service
10,elevator service
10,elevator service
10,fast room service
11,amazing hotel
11,Amazing hotel
11,Beautiful hotel
11,beautiful hotel
11,beautiful hotel
11,beautiful hotel
11,beautiful hotel
11,beautiful hotel
11,Charming hotel
11,charming hotel
11,contemporary hotel
11,cute hotel
11,fancy hotel
11,Fantastic hotel
11,funky hotel
12,appropriate level
12,certain periods
12,charmed zone
12,combat zone
12,comfort zone
12,different time zone
12,extended period
13,5 nights club level
13,club floor staff
13,club level
13,club level lounge
13,club level staff
13,club room
13,club room
13,Concierge association
13,entire club floor guests
13,full health club
13,golf course
14,10 star rating
14,2 star property
14,2 star quality
14,3 stars review
14,4 star service
14,5 star attention
14,5 star decor
14,5 star places
14,5 star properties
14,5 star quality
14,5 star rating
14,5 star requirements
14,5 star review
14,6 star service
14,available rating
14,average rating
14,glittering stars
15,desk side
15,front desk
15,front desk
15,front desk
15,front desk
15,front desk
15,front desk
15,front desk
15,front desk
15,front desk
15,front desk
15,front desk
15,front desk
15,front desk
15,front desk
15,front desk
15,front desk
15,front desk
15,front desk
15,front desk
15,front desk
15,front desk
15,front desk
15,front desk
15,front desk
15,front desk
15,front desk
15,front desk
15,front desk
15,front desk
15,front desk
15,front desk
15,front desk
15,front desk
15,front desk
15,front desk
15,front desk
15,front desk
15,front desk
15,front desk
15,front desk
15,front desk
15,front desk
15,front desk
15,front desk
15,front desk
15,front desk
15,front desk
15,front desk
15,front desk
15,front desk
15,front desk lady
15,front desk man
15,front desk people
15,front desk people
15,front desk person
15,front desk person
15,front desk person
15,front desk peson
15,front entryway
15,front lobby
16,10th floor
16,11th floor
16,11th floor
16,12th floor
16,14th floor
16,14th Floor
16,14th floor
16,15th floor
16,29th floor view
16,30th floor
16,34th floor
16,38th floor
16,39th floor
16,42nd floor
16,44th floor
16,5th floor
16,5th floor
16,5th floor
16,5th floor
16,5th floor
16,5th floor balcony
16,5th floor lounge
16,6th floor
16,7th floor
16,7th floor
16,8th floor
16,8th floor
16,8th floor
16,8th floor suite
16,9th floor
16,9th floor
16,9th floor
16,9th floor
16,9th floor housekeeping
16,fifth floor
16,fifth floor
17,absolutely comfortable
17,amazingly comfortable
17,amazingly comfortable
17,Comfortable accomodations
17,comfortably cozy
17,comfortably furnished
17,delightfully comfortable
17,delightfully unpretentious
17,effortlessly neat
17,elegant stretch
17,extemely comfortable
17,extemely comfortable
17,extremely comfortable
17,extremely comfortable
17,extremely comfortable
17,extrememly comfortable
17,fantastically comfortable
17,fantastically high-end
18,affordable bed
18,bed mattress
18,bed uber comfy
18,comfortable bed
18,comfortable bed
18,comfortable bed
18,comfortable bed
18,comfortable bed
18,comfortable bed
18,Comfortable bed
18,comfortable bed
18,comfortable bed
18,comfortable bed
18,Comfortable bed
18,comfortable bed
18,comfortable bed
18,comfortable bed
18,Comfortable bed
18,comfortable bed
18,comfortable bed
18,comfortable bed ive
18,comfortable sofa
18,comfy bed
18,comfy bed
18,comfy bed
18,comfy bed
19,5minute walk
19,brisk walk
19,close walk
19,easy walk
19,Easy walk
19,easy walk
19,easy walk
19,easy walking distance
19,easy walking distance
20,amazing experience
20,Amazing experience
20,average experience
20,awesome experience
20,bad experience
20,changing experience
20,class experience
20,delightful experience
20,Enjoyable Experience
20,enjoyable experience
20,enjoyable experience
20,entire experience
20,entire experience
20,Excellent Experience
20,Exceptional experience
20,Fine experience
20,good experience
20,good experience
20,good experience
20,good experience
20,good experience
20,good experience
20,good experience
21,american breakfast
21,beautiful breakfast
21,beautiful breakfast
21,breakfast area
21,breakfast area
21,breakfast selection
21,breakfast selection
21,breakfast service
21,breakfast spots
21,breakfast staff
21,comprehensive breakfast selection
21,English breakfast
21,excellent breakfast
21,excellent breakfast
21,excellent breakfast fare
21,full breakfast
21,full breakfast
21,full breakfast
21,good breakfast
22,1 minute walk
22,10 min walk
22,10 minute walk
22,10 minute walk
22,10 minute walk
22,10 minute walk
22,10 minute walk
22,10 minute walk
22,15 minute walk
22,15 minute walk
22,15 minute walk
22,2 min walk
22,2 min walk
22,2 min walk max
22,2 minute walk
22,2 minute walk
22,20 minute walk
22,25 min walk
22,3 minute walk
22,35 minute walk
22,5 min walk
22,5 minute walk
22,7 minute walk
22,7 minute walk
23,306 traveler photos
23,7day pass
23,8 day multi-city trip
23,Alcatraz trip
23,annual trip
23,annual trip
23,boarding passes
23,coastal visits
23,cruise ship stopping
23,cruise ship stopping
23,current trip
23,daily jaunts
23,day sightseeing
23,day tours
23,enchanting trips
23,etire trip
23,extended trip
23,fleet week
23,good excursions planner
24,clean glasses
24,cocktail glasses
24,drinking glasses
25,actually glad
25,always available
25,always hesitant
25,always important
25,always leary
25,always pleased
25,always sincere
25,always taxis
25,always willing
25,clearly unhappy
25,continually able
25,definitely pleased
25,easily impressed
25,easily impressed
25,equally pleased
25,especially delighted
25,especially grateful
25,genuinely interested
26,actual size
26,adequate size
26,adequate size
26,average size
26,bad size
26,comfortable size
26,decent size
26,decent size
26,decent size
26,decent size
26,decent size
27,coffee mugs
27,coffee shop
27,coffee shop
27,coffee shop
28,especially important
28,extremely anxious
28,extremely basic
28,extremely busy
28,extremely careful
28,extremely competent
28,extremely convenient
28,extremely frustrating
28,extremely important
28,extremely jet
28,extremely kind
28,extremely limited
28,extremely poor
28,extremely rare
28,extremely responsive
28,extremely slow
28,extremely uncomfortable
28,extremely unfriendly
28,extremely unpredictable
28,extremely valuable
28,extremely weak
28,fairly sensitive
29,always friendly
29,especially friendly
29,extremely friendly
29,extremely friendly
29,extremely friendly
29,friendly bartenders
29,Friendly hospitality
29,friendly hosts
29,friendly manner
29,friendly owner
29,Friendly people
29,friendly place
29,friendly spot
29,Friendly Time
29,fully knowledgeable
29,genuinely friendly
30,business center
30,business center
30,Business center
30,business center
30,business center
30,Business center
30,business center
30,business center
30,business center
30,business center
30,business centers
30,complimentary business center
30,financial center business travelers
31,2 person tub
31,2 story dwelling
31,baby powder
31,concierge person
32,attentive door openers
32,door activities
32,door area
32,door bell
32,door bell
32,door boy
32,door handle
32,door hanger
32,door key
32,door man
32,entrance door
32,entry door
32,front cover
32,front door
32,front door
32,front door
32,front door
32,front door
32,front door
32,front door
32,front door
32,front door
32,front door
32,front door
32,front door
32,front door
32,front door
32,front door
32,front door
32,front door men
32,front door staff
32,front door valets
32,front doors
32,front sign
33,air condition
33,air condition unit
33,air shaft
33,air shaft
34,bedroom downstairs
34,downstairs rooms
34,floor rooms
35,Brazilian soccer
35,burnt hockey puck
35,celtic home playoff game crowd
35,coach parties
35,entire soccer team
35,fantasy world
35,football match
36,cable car
36,cable car
36,cable car
36,cable car
36,cable car lines
36,cable car lines
36,cable car noise
36,cable car station
36,cable car station
36,cable cars
36,cable cars
36,cable cars
36,cable cars
36,cable service
36,clear cable
37,drink order
37,drink vouchers
37,free bar
37,free bottles
37,free bottles
37,free chocolates
37,free drink
37,free drinks
37,free drinks
37,free drinks
37,free snacks
37,free wine hour
37,free wine hour
38,busy intersection
38,busy road
38,busy road
38,busy road
38,busy road warriors
38,busy street
38,busy street
38,dirty street
38,facing street
39,amazing bottles
39,awesome deal
39,deal breaker
39,decent deal
39,epic catalogue
39,fantastic package
40,bar tables
40,dining table
41,beautiful apartment
41,beautiful area
41,beautiful area book
41,beautiful beach
41,beautiful boardwalk
41,beautiful churches
41,beautiful details
41,beautiful garden
41,beautiful gardens
41,beautiful grounds
41,Beautiful grounds
41,beautiful grounds
41,beautiful house
41,beautiful lake
41,beautiful manor
41,beautiful nature
41,beautiful neighborhood
41,beautiful pool
41,beautiful property
41,beautiful scenery
41,beautiful street
41,beautiful surroundings
41,beautiful trees
41,charming property
41,FABULOUS boutique property
41,fabulous property
42,banana bread
42,bread chocolate bread pudding
42,bread crumbs
42,carrot stick
42,cinnamon roll
42,cinnamon rolls
43,conservative side
43,Eastern side
43,Eastern side
44,free breakfast
44,free breakfast
44,free breakfast
44,free breakfast
44,free breakfast
44,free breakfast
44,free breakfast
44,free breakfast
44,free breakfast
44,free breakfast
44,free breakfasts
44,free breakfasts
45,birthday cake
45,birthday cake
45,birthday cake
45,birthday celebration weekend
45,birthday dessert
45,birthday dinner
45,birthday plate
45,birthday surprise
45,Birthday weekend
46,access bathroom
46,bathroom access
46,bathroom amenities
46,bathroom amenities
46,Bathroom amenities
46,Bathroom amenities
46,bathroom area
47,2 bed suite
47,2 bedroom suite
47,2 bedroom suite
47,2 room suite
47,2 room suite
47,2 room suite
47,bedroom ground suite
47,bedroom unit
47,bedrooms kids
47,bi-level king loft suite
47,entire suite
47,fenway suite
47,full suite
47,full suite
48,desk lamp
48,desk lamp
48,floor lamp
48,floor lamp
48,floor lamp
49,cheapo hole
49,cork screws
49,Crook Jaw
49,dead bolt
49,disposable camera
49,droped iron
49,gay watering hole
50,extra half
50,extra hour
50,extra luggage
50,extra luxury
50,extra measures
50,extra mile
50,extra sampling
50,extra sampling
50,extra step
50,extra things
50,extra touch
50,extra touches
50,extra touches
50,extra umbrella
51,access code
51,access issues
51,code access
51,convenient switch
51,easily accessible
51,easily accessible
51,easy access
51,easy access
51,easy access
51,easy access
51,Easy access
51,easy access
51,easy access
51,easy access
51,easy access
51,Easy access
51,easy access
51,easy access
51,easy access
51,easy access
51,easy access
51,easy access
51,easy access
51,easy access food
51,easy check
51,Easy instructions
51,easy mode
51,easy process
51,Excellent access
51,full access
51,good access
52,Bar Mitzvah
52,cool bar
52,fun bar
52,fun bar
52,fun bars
52,fun event
52,fun intro
52,funky bar
53,age approriate
53,akward layout
53,beautful setting
53,brilliant omelette
53,fantastic ands
53,finding resturants
53,fussy eater
53,going oyou
53,good amenity
53,good atmostphere
53,good calorie burner
53,good chice
53,good expereince
53,good inkeeper
54,flat panel television
54,flat screen
54,flat screen
54,flat screen
54,flat screen
54,flat screen
54,flat screen
54,flat screen television
54,flat screen television
54,flat screen televisions
54,flat screen televisions
54,flat screen TVs
54,flat screen TVs
54,flat screen TVs
54,flat screen TVs
54,Flat screens
54,flat-screen televisions
54,furnished flat
55,15 minute cab ride
55,2 minute cab ride
55,50 cab ride
55,7 cab ride
55,80 cab fare
55,cab fares
55,cab ride
55,cab ride
55,cab ride
56,empty space
56,exhibition space
57,10 cities Reviews
57,10 cities Reviews
57,10 cities Reviews
57,10 cities Reviews
57,10 cities Reviews
57,10 cities Reviews
57,10 cities Reviews
57,10 cities Reviews
57,10 cities Reviews
57,10 cities Reviews
57,10 cities Reviews
57,11 cities Reviews
57,11 cities Reviews
57,11 cities Reviews
57,11 cities Reviews
57,11 cities Reviews
57,11 cities Reviews
57,11 cities Reviews
57,11 cities Reviews
57,11 cities Reviews
57,11 cities Reviews
57,11 cities Reviews
57,6 cities Reviews
57,6 cities Reviews
57,6 cities Reviews
57,6 cities Reviews
57,6 cities Reviews
57,6 cities Reviews
57,6 cities Reviews
57,6 cities Reviews
57,6 cities Reviews
57,6 cities Reviews
57,6 cities Reviews
57,6 cities Reviews
57,6 cities Reviews
57,6 cities Reviews
57,6 cities Reviews
57,6 cities Reviews
57,6 cities Reviews
57,6 cities Reviews
57,6 cities Reviews
57,6 cities Reviews
57,6 cities Reviews
57,6 cities Reviews
57,6 cities Reviews
57,6 cities Reviews
57,6 cities Reviews
57,6 cities Reviews
57,6 cities Reviews
57,6 cities Reviews
57,6 cities Reviews
57,6 cities Reviews
57,6 cities Reviews
57,7 cities Reviews
57,7 cities Reviews
57,7 cities Reviews
57,7 cities Reviews
57,7 cities Reviews
57,7 cities Reviews
57,7 cities Reviews
57,7 cities Reviews
57,7 cities Reviews
57,7 cities Reviews
57,7 cities Reviews
57,7 cities Reviews
57,7 cities Reviews
57,7 cities Reviews
57,7 cities Reviews
57,7 cities Reviews
57,7 cities Reviews
57,7 cities Reviews
57,7 cities Reviews
57,7 cities Reviews
57,7 cities Reviews
57,9 cities Reviews
57,9 cities Reviews
57,9 cities Reviews
57,9 cities Reviews
57,9 cities Reviews
57,9 cities Reviews
57,9 cities Reviews
57,9 cities Reviews
57,9 cities Reviews
57,9 cities Reviews
57,9 cities Reviews
57,9 cities Reviews
58,baby shampoo
58,body lotion
58,body lotion
58,body wash
58,body wash
58,body wash
58,body wash
58,entire body
59,afternoon tea
59,afternoon tea sucks
59,beer night
59,cocktail hour
59,cocktail hour
59,evening appetizers
59,evening drink
59,evening drinks
59,evening drinks
59,evening gown
59,evening meal
59,evening meals
59,evening snacks
59,fabulous drinks
59,famous afternoon tea
60,average Marine family
60,entire family
60,families fault
60,family fan
60,family photos
60,family properties
60,family reunion
60,family room
60,family room
60,family run
60,Fantastic family choice
60,fun family atmosphere
61,big window seat
61,big window seat
61,broken window
61,bucket loads
61,ferris wheel
62,10th anniversary
62,15th birthday
62,21st birthday
62,24th birthday
62,30th anniversary
63,equipped fitness room
63,exercise classes
63,fitness equipment
63,fitness room
63,fitness room
63,fitness room
63,fitness room
63,fitness room
64,early riser
64,early risers
64,early risers
64,early risers
64,early risers
65,ageless charm
65,beautifully plated
65,classic charm
65,elegant charm
65,fashioned charm
65,fashioned charm
66,arranged car services
66,automotive garages
66,car rental drop-off
66,chauffered car collection
66,flower arrangements
67,fluffy robes
67,fluffy towells
67,fluffy towels
67,fluffy towels
67,fluffy towels
68,cheap date
68,cheap price
68,cheap rate
68,discounted price
68,discounted rate
69,adjacent buildings garden
69,garden area
69,garden area
69,garden art
69,garden inn
70,161 traveler tips
70,business traveler
70,business traveler
70,business travelers
70,business travelers review
70,business traveller
70,business traveller
70,business travellers
70,business travellers
70,frequent traveler
70,frequent traveler
71,expensive wifi
71,faulty wifi
71,free room wi-fi
71,free wi-fi
71,free wi-fi
71,free wi-fi etc
71,free wifi
71,free wifi
71,free wifi
71,free wifi
71,free wifi
71,free wifi
71,free wifi
71,free wifi
71,free wifi
71,free wifi
71,free wireless
72,cheap coffee drip maker
72,coffee maker
72,coffee maker
72,coffee maker
72,coffee maker
72,coffee maker
72,coffee maker
72,coffee maker
72,coffee maker
72,coffee maker
72,coffee maker
72,coffee maker
72,coffee maker
72,coffee maker
72,coffee maker
72,coffee makers
73,Convenient location
73,convenient location
73,Excellent location
73,excellent location
73,excellent location
73,excellent location
73,excellent location
73,excellent location
73,excellent location
73,excellent location
73,Excellent location
73,Excellent location
73,excellent location
73,good location
73,good location
73,Good location
73,good location
73,Good location
73,Good location
73,Good location
73,good location
73,Good location
73,good location
73,good location
73,Good location
73,good location
73,Good location
73,Good location
74,40 floor hotel building
74,actual hotel butler
74,average hotel
74,brand name hotel
74,commercial hotel
74,complimentary hotel car
74,date hotel
74,different hotel
74,different hotel
74,different hotel experience
74,end hotel
74,entire hotel
74,entire hotel
74,entire hotel
74,European hotel
74,expensive hotel options
74,front hotel facade
74,full hotel
75,2 airport hotels
75,alternative hotels
75,amazing hotels
75,assorted hotels
75,big hotels
75,big name hotels
75,big-name hotels
75,book hotels
75,budget hotels
75,business hotels
75,checking hotels rooms
75,city hotels
75,class hotels
75,convention hotels
75,Days Inns
75,different hotels
75,different hotels
75,downtown hotels
75,downtown hotels
75,end hotels
75,good hotels
76,construction noise
76,construction trailer
77,bad weather
77,changing temperatures
77,chilly weather
77,cold weather
77,cool fall weather
77,finding weather
77,freezing weather
78,bath house
78,bath water
78,fl bath room
79,Absolutely Amazing
79,absolutely awesome
79,absolutely awesome
79,absolutely breathtaking
79,absolutely fantastic
79,absolutely fine
79,absolutely horrible
79,absolutely magnificent
79,absolutely outrageous
79,absolutely perfect
79,absolutely perfect
79,absolutely perfect
79,Absolutely perfect
79,absolutely perfect
79,absolutely perfect
80,decent option
80,desirable option
80,Good lodging option
80,good option
80,good option
81,american style coffee
81,art deco style
81,basic martini
81,British accent voice
81,British colonial style hotel
81,classic property
81,classic style
81,contemporary style
81,depression era glassware
81,eclectic collection
81,English country house
82,favorite color
82,favorite culinary creations
82,favorite locale
82,favorite moment
82,favorite part
82,favorite part
82,favorite place
82,favorite places
82,favorite places
82,favorite places
82,favorite thing
82,former fave
83,general atmosphere
83,general cleanliness
83,general condition
83,general feel
83,general hospitality
83,general information
83,general update
83,general vibe
83,general world
84,broken chairs
84,chair discomfort
84,chair etc
84,course couches
84,crockery etc
84,dragging furniture
85,big city
85,big city
86,clean beds
86,clean beds
86,comfortable beds
86,comfortable beds
86,comfortable beds
86,comfortable beds
86,comfortable beds
86,comfortable beds
86,comfortable beds
86,comfortable beds
86,comfy beds
86,Comfy beds
86,comfy beds
87,big apology
87,big bags
87,big bags
87,big bang
87,big bonus
87,big bucks
87,big chain kind
87,big chain kind
87,big children
87,big container
87,big difference
87,big fan
87,big heart
87,big issue
87,big names
87,big plus
87,big relief
87,big screen
87,big shower head
87,big sign
87,big surprise
87,big thumbs
87,gentle giant
88,called security
88,coordinating logistics
88,financial area
88,global alliance
89,central location
89,central location
89,central location
89,central location
89,central location
89,central location
89,central location
89,central location
89,centralized location
90,clean facilities
90,clean lobby
90,clean room
90,clean room
90,clean room
90,clean room
90,clean room
90,clean rooms
90,clean rooms
90,clean rooms
90,clean rooms
90,clean rooms
90,clean rooms
90,clean rooms
90,Clean rooms
90,clean rooms
90,cleaned rooms
90,cleaning rooms
91,2 bed room
91,bed room
91,bedroom Ice house
91,canopy bed
91,Double Bed
91,double bed room
91,double room
91,double room
91,extra bed
91,extra bedroom
91,foldout bed
92,canned air
92,cold air
92,cool salt air
92,fresh air
92,fresh air
92,fresh air
92,fresh air
92,fresh air
92,fresh air
92,fresh air
92,fresh air
92,fresh air
92,fresh breeze
93,always ice cold
93,beer cold
93,cold beer
93,cold beverages
93,cold cereal
93,cold food
93,cold water
93,cold water
94,6 champagne flutes
94,average tasting
94,cheese reception
94,complimentary wine reception
94,daily wine reception
94,dinner time wine tastings
94,evening wine reception
94,excellent wines
94,free wine tasting hour
95,Awesome choice
95,choice right
95,darn good
95,excellent choice
95,Excellent choice
95,excellent choice
95,fabulous choice
95,fine choice
95,first-class choice
95,good alternative
95,good attitude
95,Good bargain
95,good choice
95,good choice
95,good choice
95,Good choice
95,good choice
95,Good choice
95,good choice
95,Good choice
95,good choice
95,good choice
95,good choice
95,good choice
95,good choice
95,good commentary
95,good decision
95,good feelings
95,good feelings
95,Good Hospitality
95,good housekeeping
95,good humour
95,good impression
95,good light
95,good luck
95,good luck
95,good mechanic
95,good mood
96,attractive veranda
96,Barracuda Tavern
96,Brazillian Grill
96,claw foot tub
96,claw foot tub
96,Concrete Jungle
96,converted barn
96,courtyard echos
96,crooked towel racks
96,curved rod
96,forty-five foot deck patio
96,forty-five foot deck patio
96,frog pond
97,always clean
97,always clean
97,Clean beach
97,clean cafe
97,clean establishment
97,clean heritage
97,clean ones
97,clean place
97,clean place
97,clean place
97,clean place
97,clean table
97,decently clean
97,exceptionally clean
97,extremely clean
97,fairly clean
97,fairly clean
98,bedroom wall
98,bedroom wall
98,brick wall
98,brick wall
98,brick wall
98,brick wall
98,concrete floors
98,far wall
99,free weights
99,free weights
99,free weights
100,00am train
100,6am onwards
100,early bird departures
100,early departure
101,breakfast cafes
101,charming eateries
101,cosy breakfast places
101,cosy restaurants
101,delicious restaurants
101,fancy restaurants
101,favorite restaurants
102,bell boy
102,bell boy
102,bell boy
102,bell captain
102,bell men
102,bell men
102,bell pepper
102,blond woman
103,cheap motel
103,cheap motel style
103,cheap motels
103,cheap rooms
103,cheap rooms
103,cheap rooms
104,American service
104,average service
104,Client appointments
104,customer check
104,customer service issue
104,customer service skills
104,customer service skills
104,customer service spot
104,efficient service people
104,excellent customer service
104,Excellent customer service
104,good customer service
104,good loyalty program
105,check-out process
105,checkout time
106,business district
106,financial district
106,financial district
106,financial district
106,financial district
106,financial district
106,financial district
106,financial district
106,financial district
106,financial district
106,garment district
107,airline check-in
107,awaiting check-in
107,check-in desk
107,check-in desk
107,check-in feel
107,check-in time
107,Check-in time
107,check-in time
107,early check-in
107,early check-in
107,early check-in
108,continental breakfast
108,continental breakfast
108,continental breakfast
108,continental breakfast
108,Continental breakfast
108,continental breakfast
108,continental breakfast
108,continental breakfast
108,continental breakfast
108,continental breakfast
108,continental breakfast
108,continental breakfast
108,continental breakfast
108,continental breakfast area
108,continental breakfast cost
108,continental buffet
108,continental fare
109,1903 landmark building
109,1960s school building
109,art museums
109,attractive building
109,attractive building
109,building work
109,building works
109,empire state building
109,entire building
110,actual bed etc
110,away bed
110,beauty sleep
110,bed bug issues
110,bed quality
110,Bed quality
110,bed right
110,big bed
110,big bed
110,good bed
110,good night sleep
110,good night sleep
111,ambience room
111,comfortable room
111,comfortable room
111,comfortable room
111,comfortable rooms
111,comfortable rooms
111,Comfortable rooms
111,comfortable rooms
111,comfy room
111,confortable room
111,cozy room
111,cozy rooms
111,equipped room
112,downtown Hyannis
112,downtown Hyannis
112,enjoying Hyannis
113,extremely large
113,fairly expensive
113,fairly large
113,fairly large
113,fairly simple
113,fairly small
113,fairly thin
114,asparagus soup
114,beef tacos
114,corn beef hash
114,delicious salmon meal
114,delicious steak
114,delicious steak
114,fried chicken
115,delicious egg
115,delicious egg souffle
115,egg dish
115,egg dishes
115,eggs bacon etc
116,110 reviews Reviews
116,32 reviews Reviews
116,34 reviews Reviews
116,34 reviews Reviews
116,34 reviews Reviews
116,34 reviews Reviews
116,35 reviews Reviews
116,36 reviews Reviews
116,36 reviews Reviews
116,36 reviews Reviews
116,37 reviews Reviews
116,38 reviews Reviews
116,40 reviews Reviews
116,41 reviews Reviews
116,41 reviews Reviews
116,43 reviews Reviews
116,43 reviews Reviews
116,44 reviews Reviews
116,44 reviews Reviews
116,44 reviews Reviews
116,44 reviews Reviews
116,44 reviews Reviews
116,45 reviews Reviews
116,45 reviews Reviews
116,45 reviews Reviews
116,45 reviews Reviews
116,46 reviews Reviews
116,46 reviews Reviews
116,47 reviews Reviews
116,48 reviews Reviews
116,49 reviews Reviews
116,49 reviews Reviews
116,50 reviews Reviews
116,50 reviews Reviews
116,53 reviews Reviews
116,53 reviews Reviews
116,54 reviews Reviews
116,54 reviews Reviews
116,55 reviews Reviews
116,56 reviews Reviews
116,57 reviews Reviews
116,59 reviews Reviews
116,59 reviews Reviews
116,60 reviews Reviews
116,62 reviews Reviews
116,62 reviews Reviews
116,62 reviews Reviews
116,63 reviews Reviews
116,64 reviews Reviews
116,66 reviews Reviews
116,84 reviews Reviews
116,88 reviews Reviews
116,90 reviews Reviews
116,Couples reviews
117,activities desk
117,concierge desk
117,concierge desk
117,concierge desk
117,desk area
117,desk managers
117,desk staff
117,Friendly desk attendant
117,front checkin staff
117,front desk crew
117,front desk employee
117,front desk manager
117,front desk manager
117,front desk personnel
117,Front desk staff
117,front desk staff
117,front desk staff
117,front desk staff
117,front desk staff
117,front desk staff
117,Front desk staff
117,front desk staff
117,Front desk staff
117,front desk staff
117,front desk staff
117,front lobby staff
117,Front office agent
117,front office redone
117,functional work desk
118,avant garde decor
118,awesome decor
118,beach-inspired decor
118,contemporary decor
118,decorating touches
118,eclectic decor
118,fabulous artwork
119,appropriate snack tray
119,bought soap
119,bright Econo
119,cookie cutter brand name hotels
119,cookie cutter chain hotel
119,cookie jar
119,end cookie cutter hotel experience
119,golden keys
120,2 star hotel
120,3 star hotel
120,3 star hotels
120,4 star hotel
120,4 star hotel
120,4 star hotel
120,4 star hotel
120,4 star hotel
120,4 star hotel
120,4 star hotel
120,5 diamond hotel
120,5 star hotel
120,5 star hotel
120,5 star hotel
120,5 star hotel
120,5 star hotel
120,5 star hotels
120,5 star restaurant
121,dining hall
121,dining room
121,dining room
121,dining room
121,dining room
121,dining room
121,dining room
121,dining room
121,dining room
121,dining room
121,dining room
121,dining room
121,dining rooms
121,formal dining room
122,ample parking
122,course parking
122,free parking
122,free parking
122,free parking
122,free parking
122,free parking
122,free parking
122,free parking spot
123,additional views
123,breath-taking views
123,decent views
123,fabulous street views
123,fantastic views
123,fantastic views
124,airline dropoff
124,Blushing Oyster
124,chintz coverings
124,cluttered mess
124,commode yellowish
124,complementary dvds
124,complimentry umbrella
124,dinged floorboards
124,downright chintzy
124,ex-army blanket
124,expensive wondrousness
124,Fanueil Marketplace
124,fleeting fads
125,ample sound system
125,color video intercom system
125,dynamic duo
125,environmental controls
126,European bakery
126,European boutique
126,European elegance
126,European feel
126,European feel
126,European flair
126,European style
126,European touches
127,ceiling windows
127,ceiling windows
127,ceiling windows
127,ceiling windows
127,facing windows
127,floor windows
127,glass windows
128,entire attitude
128,entire group
128,entire interior
128,entire place
128,entire property
128,entire property
128,entire stay
128,entire team
128,entire valley
128,entire visit
128,entire visit
128,entire weekend
128,entire year
129,attentive service
129,attentive services
129,courteous service
129,friendly service
129,friendly service
129,friendly service
129,friendly service
129,Friendly service
129,friendly service
130,bay area
130,bay view
130,bay window
130,bay window
130,bay window
130,bay windows
130,floor-to-ceiling bay
131,accompanying guests
131,awaited guests
131,canine guests
131,current guests
131,discerning guest
131,fellow travellers
131,frequent guest
131,frequent guest program
131,future engagements
131,future guests
131,future visit
131,future visit
131,future visits
131,future visits
132,artistic sights
132,charming Moliere play
132,charming place
132,charming setting
132,charming setting
132,charming town
132,cute places
132,cute touches
132,cute village
132,delightful people
132,distinct pleasure
132,enjoyable part
132,enjoyable visit
132,entertaining thing
132,exactly upscale
132,family-oriented place
132,fancy gentlemen
132,fascinating experiences
132,fun personalities
132,fun places
133,free facility
133,free fitness center
134,bleu cheese
134,cheese omelets
134,cheese omelettes
134,cheese plate
134,cheese plate
134,cheese tasting
134,cottage cheese
134,cream cheese
134,cream cheese
134,goat cheese
135,actual bathroom
135,bad bathroom ceiling
135,bathroom fixtures
135,enormous bathroom
135,equipped bathroom
135,everyday restroom
135,excellent bathroom
135,functional bathroom
135,functional bathroom
136,amazing staff
136,bell staff
136,bell staff
136,bell staff
136,brilliant staff
136,dedicated staff
136,earth staff
136,enough staff
136,entire staff
136,entire staff
136,entire staff
136,entire staff
136,excellent staff
136,Excellent staff
136,fabulous staff
136,fantastic reception staff
136,full staff
137,airport baggage claim
137,airport noise
137,airport noise
137,airport terminal
137,airport transfers
138,burning fireplace
138,electric fireplace
138,gas fireplace
138,gas fireplace
138,gas fireplace
138,gas fireplace
139,amazing shower
139,Beautiful glass shower
139,beautiful shower
139,clean shower
139,cute bathroom
139,delightful shower
139,dressing gowns
139,excellent shower
139,fabulous bathroom
139,fabulous shower
139,fiberglass shower
140,actually open
140,attitude etc
140,called today
140,case someone
140,changing things
140,cook something
140,decided everything
140,didnt matter
140,didnt use
140,doesnt open
140,dont bother
140,enjoyed everything
140,everything spot
140,everytime someone
140,finally someone
140,finishing everything
140,fun things
140,fun things
140,god sake
141,considerable footprint
141,consistent improvements
141,constant annoyance
141,constant drone
141,constant effort
141,constant sounds
141,continued loyalty
141,continued sense
141,continuous basis
141,continuous process
141,energy conversation
141,enough emphasis
141,frenetic pace
142,bold patterns
142,clearly unfamiliar
142,clearly visible
142,different direction
142,different inept help
142,different story
142,different story
142,entirely clear
142,entirely different
142,essentially part
142,finding ways
142,fusing shapes
143,bagel breakfast
143,breakfast bagel
143,breakfast burritos
143,breakfast burritos
143,breakfast entrees
143,breakfast pastries
143,breakfast potatoes
143,breakfast potatoes
143,delicious breakfast
143,delicious breakfast
143,delicious breakfast
143,delicious breakfast
143,delicious breakfasts
143,delicious breakfasts
144,additional space
144,additional storage space
144,ample closet space
144,ample storage space
144,classy space
144,closet rack
144,closet space
144,comment space
144,decent space
144,enough closet space
144,enough closet space
144,enough floor space
144,enough space
144,enough space
144,extra space
145,big bathroom
145,big bathrooms
145,full bath
145,full bath
145,full curtains
145,full master bathroom
145,full sized bathroom
146,10 min drive
146,10 min drive
146,10 minute drive
146,10 minute drive
146,15 minute drive
146,2 hours delay
146,2 minute drive
146,20 minute drive
146,3 hours delay
146,3 mile radius
146,3 min drive
146,3 minute drive
146,3 minute drive
146,40 minute drive
146,45 minute drive
146,5 miles distance
146,5 minute drive
146,easy drive
146,easy drive
147,auto traffic
147,car headlights
147,car key
147,car lovers
147,car problems
147,car problems
147,car rental
147,car rental
147,car service
147,car service
147,car service
147,car service
147,car service
147,car service
147,car service
147,car service
147,car service
147,car window
147,complimentary car
148,charging station
148,docking station
148,gas stations
149,counter point
149,counter space
149,counter space
149,counter space
149,counter space
149,counter space
149,counter space
149,counter tops
150,common areas
150,common areas
150,common areas
150,common complaints
150,common reality
150,common space
150,common space
151,beautiful dog
151,beer lovers
151,beloved dog
151,bird lovers
151,cat lover
151,cuddly toy
151,dog house
151,dog lovers
151,dog person
151,featuring cats
151,friendly dog
152,enduring memories
152,fond memories
152,fond memories
152,fond memories
153,clock radio
154,AAA discount
154,coupon book
154,discount coupon
154,discount coupon
154,discount sites
155,aberrant situation
155,academia interests
155,altruistic task increases
155,cleverly hiding
155,dangerously weak
155,diminished privacy
155,discretionary aspect
155,disturbance whatsoever
155,essentially non-existent
156,adequate speeds
156,amazing amount
156,decent amount
156,decent covering
156,decent hike
156,decent layer
156,extended amount
156,fair amount
156,good amount
156,good amount
157,bright side
157,cold side
157,expensive ones
157,expensive side
157,expensive side
157,expensive side
158,adjacent retail centers
158,expanded outward
159,amazing luxury boutique hotel
159,boutique hotel
159,boutique hotel
159,boutique hotel
159,boutique hotel
159,boutique hotel
159,boutique style hotel
159,favorite luxury boutique hotel
159,full-service hotel restaurants
160,amazing jacuzzi tub
160,deep bath
160,deep bathtub
160,Deep caramels
160,deep pool
160,deep tissue massage
160,deep tub
160,deep tub
161,complementary gift
161,garbage bag
161,gift bag
161,gift shop
161,gift shop
162,bathroom door
162,bathroom door
162,bathroom door
162,bathroom floor
162,bathroom floor
162,bathroom mirror
162,bathroom mirror
162,bathroom tile
162,closet door
162,closet door
163,free internet
163,free internet
163,free internet
163,free internet
163,free Internet
163,free internet service
164,always busy
164,always busy
164,busy day
164,busy day
164,busy day
164,busy days
164,busy Moms
164,busy night
164,busy part
164,busy periods
164,busy schedules
164,busy shopping
164,busy times
164,busy tmes
164,busy weekend
164,busy weekend
164,exceptionally busy
165,Accomodating staff
165,friendliest staff
165,friendly staff
165,friendly staff
165,friendly staff
165,friendly staff
165,friendly staff
165,friendly staff
165,friendly staff
165,friendly staff
165,friendly staff
165,Friendly staff
165,friendly staff
165,friendly staff
165,Friendly staff
165,friendly staff
165,friendly staff
165,Friendly staff
165,friendly staff
165,friendly staff
165,friendly staff members
166,188 room alcove
166,adjacent room
166,adjacent rooms
166,adjoining cafe
166,adjoining door
166,adjoining lounge
166,adjoining room
166,adjoining room
166,adjoining room
166,city-view room
166,Courtyard facility
167,amenities page
167,basic amenities
167,conventional amenities
167,end amenities
167,exceptional guest amenities
167,expected amenities
167,good amenities
167,good amenities
168,cande light
168,dim lights
168,dimly lit
168,flashing light
168,glow sticks
169,English muffins
169,French bistro
169,French bistros
169,french couple
169,french fries
169,French Quarter
169,french toast
169,french toast
169,French toast
169,french toast
169,french toast
169,french toast
169,french toast
169,French Toast
170,absurd parking charges
170,additional charge
170,additional feature
170,additional payment
170,additonal charge
170,additonal charge
170,charge fees
170,extra charge
171,bottled water
171,bottled water
171,bottled water
171,bottled water
171,bottled water
171,child water
171,expensive water
171,filtered water
171,fresh drinking water
172,articulating arm
172,bi-level unit
172,built-in porch
172,built-in wall unit
172,dimmer switches
172,dual functions
172,extension cord
173,always full
173,clear day
173,final day
173,final day
173,following day
173,following day
173,following day
173,full advantage
173,full circle
173,full day
173,full day
173,full day
173,full days
173,full function
173,full refund
173,full throttle
173,full tonight
174,amazing attention
174,amazing cupcakes
174,amazing dinner
174,Amazing Getaway
174,amazing hospitality
174,amazing job
174,amazing resource
174,Amazing sunset
174,amazing surprise
174,amazing things
174,amazing time
174,amazing weekend
174,amazing weekend
174,AWESOME celebration
174,Fabulous hospitality
174,fabulous time
175,beeping phone
175,cell phone light
175,free phone list
176,college dorm
176,college fraternity house
176,college graduation week
176,college tours
176,college trip
177,accurate information
177,accurate representation
177,advance online
177,basic requirements
177,booking engine
177,booking system
177,efficient registration system online
177,electronic equipment
177,entry code
177,exchange information
177,expert knowledge
178,appealing area
178,area attractions
178,area attractions
178,area places
178,area restaurants
178,attached mall area
178,awesome pool area
178,basin area
178,beach area
178,beach area
178,bistro area
178,break area
178,buffet area
178,central living room area
178,changing area
178,chipping area
178,cultural attractions
178,den area
178,entrance area
178,fantastic area
179,dirty cleaning rag
179,dirty facecloth
179,dirty glass
179,dirty martinis
179,dirty ones
179,dirty rag
179,dirty sock
179,dirty washcloth
179,downright dirty
180,convenience items
180,convenience stores
180,convenient grocery
180,convenient neighborhood
180,convenient Starbucks
180,good convenience store
181,cooking capabilities
181,culinary pairings
181,different pastry chef
181,excellent chef
181,excellent chef
182,bustling city
182,bustling city
182,bustling city center
182,Bustling hotel
182,center courtyard
182,city center
182,city center hotel
182,city centre
182,city centre
182,city hotel
182,city hotel
183,comfortable home base
183,Excellent base
183,Excellent base
183,good base
183,good base
183,good base
183,good base
184,air compressor
184,air conditioner
184,air conditioner
184,air purifiers
184,chemical air fresheners
185,AAA restaurant
185,Aragosta restaurant
185,Chinese restaurants
185,decent restaurants
185,excellent restaurant
185,excellent restaurant
185,excellent restaurants
185,excellent restaurants
185,excellent restaurants
185,fantastic restaurant
186,clean fitness center
186,Excellent fitness centre
186,fitness center
186,fitness center
186,fitness center
186,fitness center
186,fitness center
186,fitness center
186,fitness center
186,fitness centre
186,fitness facility
187,amazing view
187,appetizing view
187,beautiful view
187,beautiful view
187,cute view
187,decent view
187,estate Side view
187,excellent view
187,eye view
187,fabulous view
187,fabulous view
187,fantastic view
187,fantastic view
188,deluxe executive suite
188,deluxe king bed room
188,deluxe room
188,deluxe room
188,deluxe room
188,deluxe room
188,deluxe room
188,Deluxe room
188,deluxe suite
189,affordable place
189,close luxurious
189,comfortable cars
189,comfortable fold
189,comfortable night stay
189,comfortable place
189,comfortable place
189,comfortable sharing tables
189,comfortable space
189,comfortable stay
189,comfortable walk
189,convenient meeting
189,convenient place
189,cosy place
189,enjoyable stay
189,Enough Luxury
190,aortic aneurysm
191,Amazing place
191,amazing place
191,Awesome Place
191,bad place
191,decent night
191,decent place
191,eating place
191,enough place
191,excellent place
191,excellent place
191,fabulous place
191,fine place
191,go-to place
191,good break
191,good family place
191,good friends
191,good market right
191,good night
191,good night
191,good night
191,good part
191,good place
191,good place
191,good place
191,good place
191,Good place
191,good place
191,good place
191,good place
192,amazing room
192,Amazing rooms
192,beautiful Bed
192,beautiful room
192,beautiful room
192,beautiful room
192,beautiful room
192,beautiful rooms
192,Beautiful rooms
192,delightful room
192,elegant room
193,ceiling fan
193,ceiling fans
193,ceiling height
193,exhaust fan
193,extractor fan
194,actual ferry terminal
194,actual ferry terminal
194,boating lake
194,boats sail
194,boats sail
194,ferry building
194,ferry goers
194,ferry lot
194,ferry trip
194,ferry trips
194,ferry trips
195,convention center
195,convention centers
195,convention centre
195,convention centre
195,exhibition center
196,bath amenities
196,bath fixtures
196,bath mat
196,bath sink
196,bath towels
196,bath towels
196,bath tub
196,bath tub
196,bath tub
196,Bath tubs
197,alerted maintenance
197,fire alarm connection
197,fire squad inspection
198,3 cities Reviews
198,3 cities Reviews
198,3 cities Reviews
198,3 cities Reviews
198,3 cities Reviews
198,3 cities Reviews
198,3 cities Reviews
198,3 cities Reviews
198,3 cities Reviews
198,3 cities Reviews
198,3 cities Reviews
198,3 cities Reviews
198,3 cities Reviews
198,3 cities Reviews
198,3 cities Reviews
198,3 cities Reviews
198,3 cities Reviews
198,3 cities Reviews
198,3 cities Reviews
198,3 cities Reviews
198,3 cities Reviews
198,3 cities Reviews
198,3 cities Reviews
198,3 cities Reviews
198,3 cities Reviews
198,3 cities Reviews
198,3 cities Reviews
198,3 cities Reviews
198,3 cities Reviews
198,3 cities Reviews
198,3 cities Reviews
198,3 cities Reviews
198,3 cities Reviews
198,4 cities Reviews
198,4 cities Reviews
198,4 cities Reviews
198,4 cities Reviews
198,4 cities Reviews
198,4 cities Reviews
198,4 cities Reviews
198,4 cities Reviews
198,4 cities Reviews
198,4 cities Reviews
198,4 cities Reviews
198,4 cities Reviews
198,4 cities Reviews
198,4 cities Reviews
198,4 cities Reviews
198,4 cities Reviews
198,4 cities Reviews
198,4 cities Reviews
198,4 cities Reviews
198,4 cities Reviews
198,4 cities Reviews
198,4 cities Reviews
198,4 cities Reviews
198,4 cities Reviews
198,4 cities Reviews
198,4 cities Reviews
198,4 cities Reviews
198,4 cities Reviews
198,4 cities Reviews
198,4 cities Reviews
198,4 cities Reviews
198,4 cities Reviews
198,4 cities Reviews
198,4 cities Reviews
198,4 cities Reviews
199,Beautiful decor
199,beautiful decor
199,beautiful decor
199,beautiful furnishings
199,beautifully furnished
199,beautifully furnished
199,bright colors
199,expensive furnishings
199,furnishings drapes
199,Good furnishings
200,dinner reservation
200,dinner reservations
200,dinner reservations
200,dinner reservations
201,black marble
201,brown granite
201,dark wood panelling
202,artsy city
202,beautiful city
202,century city
202,city area
202,city break
202,city break
202,city etc
202,city life
202,city tour bus
202,city trip
202,funky town
202,good car city
203,2 bar stools
203,2 bar stools
203,2nd floor sports bar
203,bar area
203,bar area
203,bar areas
203,bar business
203,bar fridge
203,bar scene
203,bar side
203,bar tabs
203,bistro end
203,cellar bar
203,Excellent bar downstairs
203,front bar area
204,beautiful wedding
204,daughters wedding
204,family wedding
204,family wedding
204,friends wedding
205,dining area
205,dining areas
205,dining choices
205,dining district
205,dining food
205,dining options
205,fabulous dining experiences
205,fine dining
205,fine dining
206,double beds
206,double beds
206,double beds
206,double beds
206,double beds
206,double beds
206,double beds
207,awful motel
207,Briarcliff Motel
207,check inn
207,crappy hotel stuff
207,empty hotel wasnt
207,good hotel uptown
207,Good motel
207,good motel
208,8 hours flight
208,early flight home
208,flight delay
208,flight home
208,flight information
208,flight plans
208,flight walk-up
209,absolutely courteous
209,absolutely polite
209,amazingly close
209,bit nervous
209,bit nervous
209,capable hands
209,certainly plentiful
209,classy feel
209,down-to-earth manner
209,downright rude
209,equally nice
209,exactly abundant
209,exceptionally kind
209,exceptionally nice
209,extremely gracious
209,extremely happy
209,extremely happy
209,extremely luck
209,extremely pleasant
209,extremely pleasant
209,generally pleasant
209,gentle consideration
209,genuinely incredible
209,genuinely interesting
209,genuinely warm
210,bad condition
210,bad draft
210,bad experiences
210,bad knee
210,bad mark
210,bad part
210,bad shape
210,bad sign
210,bad view
210,cruel world
211,carry-on luggage
212,40th birthday
212,50th birthday celebration
212,75th birthday fireworks
213,banana cream pie
213,cheesecake factory
213,chip cookie
213,chocolate chip
213,chocolate chip cheesecake
213,chocolate praline cake
213,cream pie
213,crme brle
213,filling gummy
214,10 rooms total
214,attractive rooms
214,average rooms
214,basic rooms
214,check rooms
214,common rooms
214,common rooms
214,connecting rooms
214,decent rooms
214,decent rooms
214,different rooms
214,dorm-like rooms
214,entry level rooms
214,expensive rooms
214,fancier rooms
214,game rooms
214,Gold rooms
215,1st floor
215,2nd bedroom
215,2nd floor
215,2nd floor
215,2nd floor
215,2nd floor
215,2nd floor
215,2nd floor
215,2nd floor
215,3rd floor
215,3rd floor
215,3rd floor
215,3rd floor
215,4th floor
215,4th floor
215,4th floor
215,fourth floor
216,decoration pillows
216,excellent pillows
216,extra pillow
216,extra pillows
216,extra pillows
216,extra pillows
217,former cells
217,former home
217,former home
217,former prison
217,former retreat
218,Barking Crab
218,crab cakes
218,Crab Chowder
218,Dungeness crab meat
219,10 year anniversary
219,15 year anniversary
219,2 day vacation
219,2 night minimum
219,2 night stay
219,2 night stay
219,3 day period
219,3 day stay
219,3 hour movie validation
219,3 night stay
219,4 day vacation
219,4 night booking
219,5 week holiday
219,6 quarters problem
219,9 month baby
219,booked months
219,bought day
219,clear day whilst
219,day pass
219,day stay
219,day stay
219,day walking
219,Day weekend
219,day weekend
219,days inn standard
219,dull days
219,Fun vacation week spot
220,brushing teeth
220,drinking milk
220,drinking spots
220,drinking spots
220,Eating venues
221,big chain hotels
221,big chain hotels
221,chain hotel
221,chain hotels
221,chain restaurants
221,cookie-cutter chain hotels
221,corporate chain hotel rooms
221,favorite hotel chain
221,glass monolithic hotels
222,address details
222,confirmation e-mail
222,contact info
222,correct address
222,email confirmation
222,email contact
222,email response
223,always helpful
223,always helpful
223,always helpful
223,especially helpful
223,exceptionally helpful
223,extremely helpful
223,extremely helpful
223,extremely helpful
223,extremely helpful
223,extremely helpful
223,extremely helpful
223,extremely helpful
224,additional value
224,excellent condition
224,excellent condition
224,excellent property
224,excellent rating
224,excellent value
224,excellent value
224,excellent value
224,excellent value
224,Excellent value
224,excellent value
224,excellent value
224,Excellent value
224,excellent value
224,excellent value
224,frills value
225,desk clerk
225,desk clerk
225,desk clerk
225,desk clerk
225,desk clerks
225,female clerk
226,apt suite
226,bed suite
226,bedroom executive suite
226,bedroom suite
226,bedroom suite
226,bedroom suite
226,bedroom suite
226,favorite one-bedroom suite
227,already late
227,bygone era
227,early evening
227,early evening
227,early evening tradition
227,early evening wine
227,early jazz show
227,early reservations
227,fairly early
228,12 reviews Reviews
228,12 reviews Reviews
228,13 reviews Reviews
228,13 reviews Reviews
228,13 reviews Reviews
228,13 reviews Reviews
228,13 reviews Reviews
228,13 reviews Reviews
228,14 reviews Reviews
228,14 reviews Reviews
228,15 reviews Reviews
228,15 reviews Reviews
228,15 reviews Reviews
228,15 reviews Reviews
228,15 reviews Reviews
228,15 reviews Reviews
228,15 reviews Reviews
228,15 reviews Reviews
228,15 reviews Reviews
228,15 reviews Reviews
228,15 reviews Reviews
228,16 reviews Reviews
228,16 reviews Reviews
228,16 reviews Reviews
228,16 reviews Reviews
228,16 reviews Reviews
228,16 reviews Reviews
228,16 reviews Reviews
228,17 reviews Reviews
228,17 reviews Reviews
228,17 reviews Reviews
228,17 reviews Reviews
228,17 reviews Reviews
228,17 reviews Reviews
228,18 reviews Reviews
228,18 reviews Reviews
228,18 reviews Reviews
228,18 reviews Reviews
228,18 reviews Reviews
228,18 reviews Reviews
228,19 reviews Reviews
228,19 reviews Reviews
228,19 reviews Reviews
228,19 reviews Reviews
228,19 reviews Reviews
228,19 reviews Reviews
228,19 reviews Reviews
228,20 reviews Reviews
228,20 reviews Reviews
228,20 reviews Reviews
228,20 reviews Reviews
228,21 reviews Reviews
228,21 reviews Reviews
228,21 reviews Reviews
228,23 reviews Reviews
228,24 reviews Reviews
228,24 reviews Reviews
228,24 reviews Reviews
228,24 reviews Reviews
228,24 reviews Reviews
228,27 reviews Reviews
228,27 reviews Reviews
228,27 reviews Reviews
228,28 reviews Reviews
228,28 reviews Reviews
228,28 reviews Reviews
228,29 reviews Reviews
228,30 reviews Reviews
228,31 reviews Reviews
228,bad reviews
228,following reviews
229,all-day breakfast room
229,amazing breakfast buffet
229,amazing breakfast buffett
229,breakfast comp
229,breakfast crowd
229,breakfast eater
229,breakfast etc
229,breakfast items
229,breakfast items
229,breakfast option
229,breakfast order form
229,breakfast places
229,breakfast room
229,breakfast table
229,breakfast tray
229,breakfast voucher
229,brunch part
229,buffet line
229,buffet spreads
229,cold buffet breakfast
229,daily breakfast
229,daily breakfast
229,daily breakfast buffet
229,decent light breakfast
229,divine breakfast
229,divine breakfast
229,enormous breakfast
229,expensive breakfast
229,forgettable breakfast
229,good breakfast buffet
230,additional care
230,additional cost
230,cost cutting
230,cost items
230,expense account
230,expense accounts
230,extra care
230,extra cost
230,extra expense
230,extra fees
230,extra money
230,extra order
230,extra requirement
231,detailed tour
231,duck boat tour tickets
231,duck tour
231,Duck Tours
231,free walking tour
231,ghost tour
231,ghost town
232,aqua fit
232,baby travel crib
232,clean pillow cases
232,designer cloth
232,detergent packs
233,DVD player
233,DVD player
233,Dvd player
233,free DVD movies
234,blank expression
234,blank expression
235,adequate hotel
235,business hotel
235,business hotel
235,busy hotel
235,Clean hotel
235,clean hotel
235,clean hotel
235,comfort hotel
235,comfortable hotel
235,comfortable hotel
235,comfortable hotel
235,comfortable hotel
235,decent hotel
235,Excellent hotel
235,Excellent hotel
235,Excellent hotel
235,good hotel
235,good hotel
235,Good hotel
235,good hotel
235,good hotel
236,ball park
236,battery park
236,car park
236,car park
236,Car park
236,central park
236,central park
236,central park
236,central park
236,central park
237,brief note
237,brief orange
237,brief period
237,brief screening
237,brief stay
237,brief time
237,end note
238,attended machines
238,connected machines
239,arrival date guests
239,arrival day
239,arrival guests
239,arrival night
239,arrival valet
239,date night
239,departure date
240,allergic couple
240,calling people
240,couple days
240,couple hours
240,couple people
240,couple tournaments
240,couple weeks
240,discovered lots
240,dozen times
240,drunk people
240,dumb people
240,especially couples
240,female tourists
241,amazingly quiet
241,Bit noisy
241,comparatively quiet
241,EXTREMELY quiet
241,fairly genteel
241,fairly loud
241,fairly quiet
241,fairly quiet
241,fairly stark
242,close proximity
242,close proximity
242,close proximity
243,antique collections
243,antique furnishings
243,antique furniture
243,antique table
243,antique touches
243,furniture etc
243,furniture etc
244,bonus fridge
244,dorm size refrigerator
244,fridge full
244,full size fridge
244,full size refrigerator
244,full size refrigerator
244,full size refrigerator
244,full size shampoos
244,full size van
244,full size windows
245,2 Full size beds
245,2 queen beds
245,2 queen beds
245,2 queen beds
245,2 queen size
245,amazing beds
245,beds divine
245,corner queen
246,apartment building
246,apartment complex
246,apartment visits
246,buildings rooftops
246,co-op residence
246,dream studio apartment
247,boys club
247,Girls trip
247,Girls trip
247,girls weekend
247,girls weekend
247,Girls weekend
247,girls weekend
248,Aromatherapy massage
248,centere massage
249,department stores
249,drug store
249,drug stores
249,drug stores
250,adequate lighting
250,bedside lighting
250,dim lighting
250,fluorescent lighting
250,good lighting
251,advertised price
251,advertised price
251,decent price
251,decent price
251,decent pricing
251,especially price
251,excellent price
251,fantastic price
252,elevator cars
252,elevator mats
252,elevator operators
252,elevator renovation
252,elevator shaft
252,elevator speed
252,elevator traffic
252,full elevators
253,actual bedbug
253,ant problem
253,bedbug bites
253,bedbug issue
253,bug expert
254,2nd floor room
254,2nd floor room
254,37th floor rooms
254,8th floor room
254,bottom floor
254,bottom floor
254,club floor kitchen
254,corner room
254,corner room
254,corner room
254,corner room
254,corner room
254,corner room
254,entire bathroom floor
254,fifth floor room
254,floor height
254,floor landing
254,floor lobby
254,floor lounge
254,floor lounge
254,floor room
254,floor room
254,floor staff
254,floor supervisor
254,floor towel
254,fourth floor right
254,fourth floor unit
254,gold floor
255,basically business
255,business area
255,business corner
255,business document
255,business functions
255,business locations
255,business office
255,business purposes
255,business section
255,combining business
255,friendly business model
256,bridge light
256,connected sky bridge
256,duplicate bridge tournament
256,golden gate bridge
256,golden gate bridge
257,booked massages
257,booked massages
258,basic rate
258,corporate rate
258,decent transfer rate
258,expensive rates
258,fabulous rate
258,flat rate
258,generous discounts
259,bar tender
259,bar tender
259,bar tender
260,beach chairs
260,beach chairs
260,beach volleyball
261,calf muscles
262,alarm clock
262,alarm clock
262,alarm clock
262,broken alarm clock
262,docking alarm clock
262,false alarm
263,cider station
263,coffee station
263,coffee station
263,free coffee station
264,3pm check
264,4pm check
264,accurate estimate
264,actual anniversary date
264,actual weekend details
264,animal event
264,anticipated mass
264,artificial logs
264,entre order
264,entry point
264,exact wording
264,fair share
264,fair warning
264,final approach
264,future reference
264,gave directions
264,giving directions
264,giving directions
265,accessible form
265,accessible room
265,accessible room
265,accessible room
265,additional room options
265,affordable room
265,available room type
265,functional room
266,booking reservation
266,booking voucher
266,booking websites
266,cancelled reservation
267,comfortable atmosphere
267,comfortable feeling
267,country atmosphere
267,cozy atmosphere
267,cozy bed-and-breakfast
267,cozy feeling
267,cozy feeling
267,den-like atmosphere
267,festive atmosphere
268,excelente localizao
269,blackout shade
270,cancelation policy
270,cancellation policy
271,amazing service
271,best-in-class service
271,decent service
271,decent service
271,excellent service
271,excellent service
271,excellent service
271,excellent service
271,excellent service
271,excellent service
271,excellent service
271,excellent service
271,Excellent service
271,excellent service
271,Excellent service
271,excellent service providers
271,exceptional service
271,exceptional service
271,fantastic service
271,fantastic service
272,bright spot
272,bright spot
272,centric spot
272,Classic spot
272,cool hip place
272,cool hip vibe
272,cool spot
272,cool vibe
272,decent sun light
272,Fantastic place
272,fantastic spot
273,always coffee
273,coffee area
273,coffee drinkers
273,coffee drinkers
273,coffee packet
273,coffee place
273,coffee pot
273,coffee service
273,coffee stains
273,coffee table
273,coffee table
273,coffee table
273,day coffee
273,decent coffee
273,excellent coffee
273,fresh coffee
273,good coffee
274,block form
274,block form
274,block radius
274,couple blocks
274,couple blocks
274,easy blocks
275,baked cookies
275,baked cookies
275,baked goods
275,baked goods
275,baked muffins
275,baked pastries
275,butterscotch cookies
275,day cookies
275,dipped cookie
275,fresh cookies
275,fresh-baked croissant
276,feng shui
277,absolutely free
277,free mini
277,free night
277,free papers
277,free pass
277,free print
277,free printing
277,free printing service
277,free run
277,FREE things
277,free time
277,free upgrade
277,free upgrade
277,free use
277,free water
278,'d class
278,1st class
278,1st class
278,1st class
278,exudes class
279,casual seating
279,chaise lounge chairs
279,comfortable chair
279,comfortable chair
279,comfy chairs
279,Comfy club chairs
279,comfy robes
280,endless tea
280,free afternoon tea
280,free coffe
280,free coffee
280,free coffee
280,free coffee
280,free coffee packets
280,free K-Cups
280,free tea
280,free tea
281,adjustable firmness
281,firm mattress
281,genuine care
281,good firm quality mattress
282,biz trip
282,business travel
282,business travel
282,business trip
282,business trip
282,business trip
282,business trip
282,business trip
282,business trip
282,day business trip
283,excellent care
283,excellent care
283,excellent concerts
283,excellent job
283,excellent job
283,excellent maintenance
283,excellent places
283,excellent stay
283,excellent stay
283,excellent stay
283,excellent stay
283,excellent work
283,exceptional job
283,Fantastic stay
284,early birds
284,early check
284,early check
284,early check
284,early morning
284,early morning
284,early morning
284,early morning
284,early morning
284,early morning
284,early morning
284,early morning bus
284,early morning flight
284,early morning walk
284,early night
284,early weekend morning
284,following morning
284,following morning
284,following morning
285,fire escapes
285,fire pit
285,fire pit
285,fire pit
285,fire place
286,complimentary airport shuttle
286,free loaner umbrella
286,free shuttle
286,free shuttle
286,free shuttle
286,free shuttle service
286,free shuttle service
287,baseball arena
287,baseball cap
287,baseball game
287,baseball game
287,baseball game
287,baseball trip
287,board games
287,game boards
288,cleaning crew
288,cleaning person
288,cleaning staff
288,cleaning staff
288,cleaning staff
288,cleaning standards
289,anywhere downtown
289,downtown activity
289,downtown area
289,downtown area
289,downtown bus
290,24 hour internet access
290,crappy internet speeds
290,desktop computer
290,Excellent wireless Internet
290,expensive internet access
290,fast internet
290,fi speed
290,gaming device
290,good connectivity
291,10 minute cable car ride
291,21 hour train ride
291,35 self parking
291,7 taxi ride
291,accessible boat ride
291,bike lock
291,bike rentals
291,bike ride
291,BMW bikes
291,carriage house
291,carriage house
291,courtesy van
291,cross trainer
291,Double Decker bus tour
292,1 review Reviews
292,1 review Reviews
292,1 review Reviews
292,2 reviews Reviews
292,3 reviews Reviews
292,3 reviews Reviews
292,3 reviews Reviews
292,3 reviews Reviews
292,3 reviews Reviews
292,3 reviews Reviews
292,3 reviews Reviews
292,3 reviews Reviews
292,3 reviews Reviews
292,3 reviews Reviews
292,3 reviews Reviews
292,3 reviews Reviews
292,3 reviews Reviews
292,3 reviews Reviews
292,3 reviews Reviews
292,3 reviews Reviews
292,3 reviews Reviews
292,3 reviews Reviews
292,3 reviews Reviews
292,3 reviews Reviews
292,3 reviews Reviews
292,3 reviews Reviews
292,3 reviews Reviews
292,3 reviews Reviews
292,3 reviews Reviews
292,3 reviews Reviews
292,3 reviews Reviews
292,3 reviews Reviews
292,3 reviews Reviews
292,3 reviews Reviews
292,3 reviews Reviews
292,4 reviews Reviews
292,4 reviews Reviews
292,4 reviews Reviews
292,4 reviews Reviews
292,4 reviews Reviews
292,4 reviews Reviews
292,4 reviews Reviews
292,4 reviews Reviews
292,4 reviews Reviews
293,assorted breads
293,chardonnay vinaigrette dressing
293,cherry tomato tops
293,covered strawberries
293,delicious fruit platter
293,fresh-squeezed orange juice
293,fruit plate
293,fruit platter
293,generous slices
294,Breakfast buffet
294,breakfast buffet
294,breakfast buffet
294,Breakfast buffet
294,breakfast buffet
294,breakfast buffet
294,breakfast restaurant
294,buffet breakfast
294,buffet breakfast
294,delicious breakfast buffet
294,delicious buffet breakfast
295,coffee machine
295,coffee machine
295,coffee machine
295,coffee machine
295,coffee machine
295,coffee-making machine
295,expresso machine
295,Flavia machine
296,freedom trail
296,freedom trail
296,freedom trail
297,deck chairs
297,deck chairs
297,deck chairs
298,background noise
298,beeping noise
298,constant noise
298,crazy noisy
298,creaking noises
298,disturbing noise
298,disturbing noise
299,absolutely delicious
299,amazing drinking chocolate
299,appropriate taste
299,awful smell
299,awful tasting
299,bitter taste
299,breaded something
299,delicious aroma
299,delicious smells
299,delicious thing
299,excellent pastries
299,fabulous leftovers
299,fantastic taste
299,good appetizers
300,eye contact
300,eye level
300,eye mask
300,face painting
301,bagel variety
301,cheese class
301,cheese hour
301,cheese hour
301,cheese market
301,cheese shop
301,cheese stores
302,bit dark
302,dark access
302,dark box
302,dark library
303,full price
303,full price
303,full price
303,full range
303,full retail
304,10 Year Wedding anniversary
304,25th wedding anniversary
304,37th wedding anniversary
304,40th wedding anniversary
304,40th wedding anniversary
304,75th anniversary
304,75th anniversary
304,anniversary trip
304,anniversary wishes
305,afternoon piano music
305,ambiance music
305,chillaxing music
305,classical music
305,classical music
305,festive music
306,candid critique
306,comment folder
306,constructive comments
307,difference places
307,different areas
307,different kinds
307,different lifeguard
307,different motels
307,different occasions
307,different places
307,different places
307,different places
307,different restaurants
307,different serving
307,different site
307,different table
307,different tastes
307,different type
307,different vibe
307,different walls
308,2 metro lines
308,3 bus routes
308,blue line
308,blue line
308,bus lines
308,bus lines
308,bus pickup
308,bus stops
308,bus terminal
308,Bus transportation
308,electric buses
309,credit card company
309,credit card number
309,debit card
310,ear pieces
310,ear plugs
310,Ear plugs
310,ear plugs
311,busy foyer
311,common hall closet
311,crowded ballroom
311,dramatic lobby
311,entrance hall
311,entrance lobby
311,entry hallway
311,fancy lobby
311,faneuil hall
311,function hall
312,ala carte menu
312,bar menu
312,bar menu
312,breakfast menu
312,breakfast menu
313,Bistro employees
313,current employees
313,current magazines
313,current state
313,current status
313,female employee
313,giving workers
314,driving rain storm
314,driving route
314,driving time
314,driving time
315,glass conservatory
316,26th street
316,40th street
316,42nd street station
316,42th street
316,44th street
316,5th avenue
316,Boylston street
316,congress street
317,absolute gem
317,absolute gem
317,Absolute perfection
317,absolute pleasure
318,'d wave
318,almost 2am
318,almost half
318,almost impossible
318,almost next
318,almost unheard
318,apparently due
318,average round
318,bandwagon years
318,else next
318,else next
319,aesthetic issue
319,catering issues
319,communication problems
319,disappointing end
319,disappointing experience
319,disappointing experience
319,Disappointing Experience
319,disappointing issues
319,Disappointing stay
319,exceeded expectations
319,following issues
320,class quality
320,excellent quality
320,excellent quality
320,Excellent quality
320,excellent selection
321,accomodating hotel
321,airport hotel
321,busines hotel
321,business-class hotel
321,centrally located
321,centrally-located hotel
321,conveniently hotel
321,desirable hotel
321,Donatello hotel
321,focussed hotel
321,frenzied hotel
322,blooming bougainvillea
322,flowering plants
323,architectural design
323,architectural details
323,architectural piece
323,creative inspiration
323,design flaw
323,exquisite designer offerings
323,fantastic design
324,cotton balls
324,cotton balls
324,cotton buds
325,cult status
325,diamond member
325,diamond status
325,gold plating
326,dietary issue
326,dietary requests
327,barely worth
327,definately worth
327,definately worth
328,complimentary bag
328,complimentary bottle
328,complimentary bottle
328,complimentary bottles
328,complimentary drink
328,complimentary wine
329,complete array
329,complete attention
329,complete ease
329,complete gamut
329,complete moron
330,adjustable air bed
330,awesome king bed
330,bed height
330,bed size information
330,bed skirt stains
330,comfortable king
330,comfortable king size bed
330,comfortable king size bed
330,comfortable king size leather bed
330,full size bed
330,futon type bed
331,5 gift card
331,card holder
331,gift card
331,gift card
331,gift certificate
331,gift certificate
332,business conference
332,conference call
332,conference calls
332,conference coffee
332,conference complimentary
332,conference facilities
332,conference people
332,conference room
333,cab driver
333,cab driver
333,cab driver
333,cab driver
334,came downstairs
334,came downstairs
334,came downstairs
334,computers downstairs
335,1900 time frame
335,2012 time frame
335,allowed time
335,alone time
335,available time
335,closing time
335,conscious times
335,cost time period
335,different body time
335,enjoyed time
335,enough equipment
335,enough light
335,enough relaxation
335,enough time
335,enough time
335,entire time
335,excellent time
335,fist time
336,fall foliage
336,fall foliage season
336,foliage season
337,access inscrutable
337,accommodating hosts
337,accomodating door men
337,agrivated state
337,answered questions
337,awkward give-and-take
337,caring drivers
337,closed-door meetings
337,cooks spitting
337,Cumberbatch Director
337,Distrikt staff
337,duty Kiana
337,earnest front-desk staff attempt
337,enjoyed helpfulness
337,enquiring conversation
337,fellow worker
337,former stagecoach relay
337,front-desk folks
337,fruitless search
338,air conditioning
338,air conditioning
338,air conditioning
338,air conditioning
338,air conditioning unit
338,Air conditioning units
339,alone resort
339,Average lodging
339,commercial accommodations
339,Cranwell Resort
339,decent accommodations
339,delightful lodging
339,discrete retreat
339,especially cottages
339,fine accomodations
339,get-away holiday
340,Barbar dryer
340,blow dryer
341,clean laundry
341,clean linen
341,clean linens
342,coit tower
343,changed towels
343,changing linens
343,clean towels
343,clean towels
343,decent towels
343,extra towels
343,fresh towels
343,fresh towels
344,accommodating food sensitivities
344,affordable food options
344,airplane food
344,amazing food
344,amazing food
344,appearing food options
344,basic food bar
344,Brazilian food
344,discounted food courtesy
344,excellent food
344,excellent food
344,excellent food shop opposite
344,food choices
344,Food fare
344,food options
344,food presentation
344,food quality
344,food quality
345,breakfast cups
345,clean cups
345,dirty cups
345,empty cups
346,Copley guest
346,Copley Square
346,Fairmont lobby
347,ate breakfast
347,ate breakfast
347,ate breakfast
347,ate dinner
347,ate dinner
347,ate dinner
347,ate lunch
347,delicious dinner
347,delicious dinner
347,dinner appetizer
347,dinner entrees
347,dinner spot
347,especially dinner
347,fabulous breakfast
347,fabulous dinner
348,air con unit lowd
348,air con units
348,bedspring cover
348,carb load
348,carbon footprint
348,closely w
348,con ducts
348,con works
348,fuscia flash
349,complimentary beverages
349,complimentary coffee
349,complimentary coffee
349,complimentary coffee
349,complimentary coffee
349,complimentary cookies
349,complimentary cookies
349,complimentary drinks
349,complimentary drinks
349,complimentary fridges
349,complimentary snacks
350,bedroom luxury suites
350,bedroom suites
350,Bedroom Suites
350,DoubleTree Suites
351,appointed rooms
351,appointed rooms
351,executive lounge
351,executive room
351,executive rooms
352,completely comfortable
352,completely comfortable
352,completely reasonable
352,completely relaxing
352,completely separate
352,completely uninterrupted
352,fully occupied
353,Brentwood village mart
353,country road
353,east end
353,east haddam
353,east side
353,east side neighborhood
353,east village
354,complimentary access
354,complimentary guest pass
354,complimentary in-town
354,complimentary in-town
354,complimentary internet
354,complimentary internet access
354,complimentary movie channels
354,complimentary room upgrade
354,complimentary services
354,complimentary upgrade
354,complimentary wi-fi
355,Coquitlam Reviewer
355,ct Reviewer
356,24 hour kitchen
356,equipped kitchen
356,estate kitchen
356,fantastic kitchen area
356,full kitchen
356,full kitchen
356,full kitchen
356,full kitchen
356,full kitchen
357,bathroom sink stopper
357,double locks
357,double sinks
357,dual sinks
358,glowing review
358,glowing reviews
358,glowing reviews
359,family member
359,family member
360,80 percent humidity
360,bazillion degrees
361,cardio circuit
362,Book tickets
362,booking ferry tickets
362,bought tickets
362,discount tickets
362,game tickets
363,35 guest family celebration
363,adult daughter
363,became friends
363,book mark
363,cartoons anthology
363,Cousins reunion
363,cultural events
363,dance section
363,deceased grandparents
363,elderly parent
363,enjoyed meeting
363,four-legged friend
363,friends handicap
363,gilded age playground
364,dust bunnies
364,enough dust
365,ancient cigarette
365,cigarette burns
366,ceiling glass
366,chrome faceplate
366,cool glass wall
366,crystal chandeliers
366,frosted glass panel
366,Glass ceiling
366,glass shelf
367,cup cover
367,fresh cup
367,fruit cup
368,blantyre cookbook
368,Blantyre shines
368,Distrikt Hotelon
369,central hallway
369,central part
369,central part
369,central point
369,central right
370,Aspey bath products
370,bath gels
370,bath plug
370,bath products
370,favorite bath products
371,always happy
371,always hot
371,always nice
371,always nice
371,always pleasant
371,always pleasant
371,always pleasant
371,always something
371,always something
372,daily charge
372,daily maintenance
372,daily rate
372,daily rate
373,city view
373,city view
373,city view balcony room
373,city view room
374,black lab
374,black mold
374,black stain
374,glue stains
375,emergency power plants
375,extended power outage
376,expressed concern
376,expressed dissatisfaction
377,artistic field
377,box spring
377,competitive set
377,computer work station
377,cutting edge
377,cutting edge design
377,designer shops
377,drapery settings
377,electric rings
377,end furnishings
377,end home design stores
377,end market
377,end shops
377,engineer round
377,exchange ideas
377,fancy shopping center
377,fashion show
377,fashion stores
377,fine print
377,freezing home
378,Banquet area
378,banquet room
378,Banquet staff
378,banquet staff
378,banquet staff
379,cough drops
