0,exceptional job
0,usual things
0,incredibly kind
0,friendly manner
0,upscale feel
0,unpleasant things
1,real use
1,great experience
1,good experience
2,helpful votes
2,professional couple
2,quite inviting
2,main courses
2,modern touch
2,living pool
2,big rooms
2,double tree suites
2,offered rooms
2,valuable guests
2,entire trip
2,ideal spot
2,short walk
2,special birthday
2,late arrivals
2,reviews
2,affordable bed
2,special diet
2,helpful tips
2,young ladies
2,expensive ones
3,standard vehicles
3,country atmosphere
3,conference rooms
3,area places
3,meeting rooms
3,annual trip
3,standard residence
3,home feeling
4,2 minute walk
4,2 story dwelling
5,sick child
5,exhibition space
5,19th century farm
5,wonderful visit
5,queen room
5,honest feedback
5,dietary request
5,nice plus
5,quick drive
5,desirable option
5,busy schedules
5,night light
5,self park option
5,diamond status
5,guest rooms
5,scenic drive
5,nice rooms
5,guest feedback
5,busy times
5,decent option
5,remotely close
5,welcoming rooms
6,parking information
7,several rooms
7,large rooms
7,personal touch
7,low feel
7,different occasions
8,coffee table
8,different table
9,good service
9,car service
9,excellent service
9,room service
10,general feel
10,general world
11,year anniversary
12,great customer service
13,bar business
14,next visit
14,last minute
14,past weekend
14,next trip
14,last visit
15,noise levels
15,low-key ways
15,unpleasant experience
15,disappointing experience
15,utterly increased
15,surpassed expectations
15,vast variety
15,relaxing place
15,couple reviews
15,wonderful place
15,housekeeping team
16,nice bar
17,public areas
18,business reviews
18,future reference
18,future engagements
18,poor reviews
18,travel reviews
18,future visit
19,recent study
20,great value 2
21,good value
22,small desk
22,small side
23,easy access
23,perfect access
24,current employees
25,health issues
26,great night
26,great restaurant
26,great choice
26,great stay
26,enough luxury
26,clearly visible
26,great conversations
26,little sunshine
26,great location
26,little things
27,perfect walking access
28,used points
29,service issues
30,hot water
31,really good
31,real issue
32,great area
33,front desk person
33,organic ice cream
33,estate side view
33,front entry way
34,giving workers
34,young people
35,overall product
36,polite staff
36,hotel staff
37,private car
38,egg rolls
38,front desk
38,morning coffee
38,wedding anniversary
38,surprisingly comfort
38,nearby bookstore
38,minute walk
38,grocery store
38,dried fruits
38,kitchen sink
38,remarkably quiet
38,finishing everything
38,antique furniture
38,weekend retreat
38,housekeeping
38,holiday weekend
38,birthday surprise
38,fresh fruit
38,rare commodity
38,movie theater
38,wooden swing
38,wonderful server
38,birthday dinner
38,elevator traffic
38,nice touch
38,antique touches
38,outdoor friends
38,sink traffic
38,anniversary wishes
38,birthday plate
38,wedding reception
38,subjective opinions
38,walking distances
38,warm welcome
38,nice walk
38,sweet ending
38,comfortable feeling
38,evening drinks
38,depression era glassware
39,beautiful property
39,dog food
39,great food
39,entire property
40,poor review
41,right next
41,good size
41,good thing
42,wonderful area
42,room area
42,sitting area
43,main house
44,sweet goods
45,closing time
46,family rooms
46,clean cafe
46,street sounds
46,* task
